x,y,Potential,Electrons,Holes
0.0,0.0,-0.35764323589921576,9999.99999999,1.000000000001e+16
0.0,0.05,-0.35764323589921576,9999.99999999,1.000000000001e+16
0.05,0.0,-0.35764323589921576,9999.99999999,1.000000000001e+16
0.05,0.05,-0.35764323589921576,9999.99999999,1.000000000001e+16
0.0,0.1,-0.35764323589921576,9999.99999999,1.000000000001e+16
0.05,0.1,-0.35764323589921576,9999.99999999,1.000000000001e+16
0.0,0.15000000000000002,-0.35764323589921576,9999.99999999,1.000000000001e+16
0.05,0.15000000000000002,-0.35764323589921576,9999.99999999,1.000000000001e+16
0.0,0.2,-0.35764323589921576,9999.99999999,1.000000000001e+16
0.05,0.2,-0.35764323589921576,9999.99999999,1.000000000001e+16
0.0,0.25,-0.35764323589921576,9999.99999999,1.000000000001e+16
0.05,0.25,-0.35764323589921576,9999.99999999,1.000000000001e+16
0.0,0.3,-0.35764323589921576,9999.99999999,1.000000000001e+16
0.05,0.3,-0.35764323589921576,9999.99999999,1.000000000001e+16
0.0,0.35,-0.35764323589921576,9999.99999999,1.000000000001e+16
0.05,0.35,-0.35764323589921576,9999.99999999,1.000000000001e+16
0.0,0.39999999999999997,-0.35764323589921576,9999.99999999,1.000000000001e+16
0.05,0.39999999999999997,-0.35764323589921576,9999.99999999,1.000000000001e+16
0.0,0.44999999999999996,-0.35764323589921576,9999.99999999,1.000000000001e+16
0.05,0.44999999999999996,-0.35764323589921576,9999.99999999,1.000000000001e+16
0.0,0.5,-0.35764323589921576,9999.99999999,1.000000000001e+16
0.05,0.5,-0.35764323589921576,9999.99999999,1.000000000001e+16
0.09797979797979799,0.0,-0.35764323589921576,9999.99999999,1.000000000001e+16
0.09797979797979799,0.05,-0.35764323589921576,9999.99999999,1.000000000001e+16
0.09797979797979799,0.1,-0.35764323589921576,9999.99999999,1.000000000001e+16
0.09797979797979799,0.15000000000000002,-0.35764323589921576,9999.99999999,1.000000000001e+16
0.09797979797979799,0.2,-0.35764323589921576,9999.99999999,1.000000000001e+16
0.09797979797979799,0.25,-0.35764323589921576,9999.99999999,1.000000000001e+16
0.09797979797979799,0.3,-0.35764323589921576,9999.99999999,1.000000000001e+16
0.09797979797979799,0.35,-0.35764323589921576,9999.99999999,1.000000000001e+16
0.09797979797979799,0.39999999999999997,-0.35764323589921576,9999.99999999,1.000000000001e+16
0.09797979797979799,0.44999999999999996,-0.35764323589921576,9999.99999999,1.000000000001e+16
0.09797979797979799,0.5,-0.35764323589921576,9999.99999999,1.000000000001e+16
0.14402101826344252,0.0,-0.35764323589921576,9999.99999999,1.000000000001e+16
0.14402101826344252,0.05,-0.35764323589921576,9999.99999999,1.000000000001e+16
0.14402101826344252,0.1,-0.35764323589921576,9999.99999999,1.000000000001e+16
0.14402101826344252,0.15000000000000002,-0.35764323589921576,9999.99999999,1.000000000001e+16
0.14402101826344252,0.2,-0.35764323589921576,9999.99999999,1.000000000001e+16
0.14402101826344252,0.25,-0.35764323589921576,9999.99999999,1.000000000001e+16
0.14402101826344252,0.3,-0.35764323589921576,9999.99999999,1.000000000001e+16
0.14402101826344252,0.35,-0.35764323589921576,9999.99999999,1.000000000001e+16
0.14402101826344252,0.39999999999999997,-0.35764323589921576,9999.99999999,1.000000000001e+16
0.14402101826344252,0.44999999999999996,-0.35764323589921576,9999.99999999,1.000000000001e+16
0.14402101826344252,0.5,-0.35764323589921576,9999.99999999,1.000000000001e+16
0.18820198722249534,0.0,-0.35764323589921576,9999.99999999,1.000000000001e+16
0.18820198722249534,0.05,-0.35764323589921576,9999.99999999,1.000000000001e+16
0.18820198722249534,0.1,-0.35764323589921576,9999.99999999,1.000000000001e+16
0.18820198722249534,0.15000000000000002,-0.35764323589921576,9999.99999999,1.000000000001e+16
0.18820198722249534,0.2,-0.35764323589921576,9999.99999999,1.000000000001e+16
0.18820198722249534,0.25,-0.35764323589921576,9999.99999999,1.000000000001e+16
0.18820198722249534,0.3,-0.35764323589921576,9999.99999999,1.000000000001e+16
0.18820198722249534,0.35,-0.35764323589921576,9999.99999999,1.000000000001e+16
0.18820198722249534,0.39999999999999997,-0.35764323589921576,9999.99999999,1.000000000001e+16
0.18820198722249534,0.44999999999999996,-0.35764323589921576,9999.99999999,1.000000000001e+16
0.18820198722249534,0.5,-0.35764323589921576,9999.99999999,1.000000000001e+16
0.23059786652663694,0.0,-0.35764323589921576,9999.99999999,1.000000000001e+16
0.23059786652663694,0.05,-0.35764323589921576,9999.99999999,1.000000000001e+16
0.23059786652663694,0.1,-0.35764323589921576,9999.99999999,1.000000000001e+16
0.23059786652663694,0.15000000000000002,-0.35764323589921576,9999.99999999,1.000000000001e+16
0.23059786652663694,0.2,-0.35764323589921576,9999.99999999,1.000000000001e+16
0.23059786652663694,0.25,-0.35764323589921576,9999.99999999,1.000000000001e+16
0.23059786652663694,0.3,-0.35764323589921576,9999.99999999,1.000000000001e+16
0.23059786652663694,0.35,-0.35764323589921576,9999.99999999,1.000000000001e+16
0.23059786652663694,0.39999999999999997,-0.35764323589921576,9999.99999999,1.000000000001e+16
0.23059786652663694,0.44999999999999996,-0.35764323589921576,9999.99999999,1.000000000001e+16
0.23059786652663694,0.5,-0.35764323589921576,9999.99999999,1.000000000001e+16
0.2712807810104092,0.0,-0.35764323589921576,9999.99999999,1.000000000001e+16
0.2712807810104092,0.05,-0.35764323589921576,9999.99999999,1.000000000001e+16
0.2712807810104092,0.1,-0.35764323589921576,9999.99999999,1.000000000001e+16
0.2712807810104092,0.15000000000000002,-0.35764323589921576,9999.99999999,1.000000000001e+16
0.2712807810104092,0.2,-0.35764323589921576,9999.99999999,1.000000000001e+16
0.2712807810104092,0.25,-0.35764323589921576,9999.99999999,1.000000000001e+16
0.2712807810104092,0.3,-0.35764323589921576,9999.99999999,1.000000000001e+16
0.2712807810104092,0.35,-0.35764323589921576,9999.99999999,1.000000000001e+16
0.2712807810104092,0.39999999999999997,-0.35764323589921576,9999.99999999,1.000000000001e+16
0.2712807810104092,0.44999999999999996,-0.35764323589921576,9999.99999999,1.000000000001e+16
0.2712807810104092,0.5,-0.35764323589921576,9999.99999999,1.000000000001e+16
0.310319941373625,0.0,-0.35764323589921576,9999.99999999,1.000000000001e+16
0.310319941373625,0.05,-0.35764323589921576,9999.99999999,1.000000000001e+16
0.310319941373625,0.1,-0.35764323589921576,9999.99999999,1.000000000001e+16
0.310319941373625,0.15000000000000002,-0.35764323589921576,9999.99999999,1.000000000001e+16
0.310319941373625,0.2,-0.35764323589921576,9999.99999999,1.000000000001e+16
0.310319941373625,0.25,-0.35764323589921576,9999.99999999,1.000000000001e+16
0.310319941373625,0.3,-0.35764323589921576,9999.99999999,1.000000000001e+16
0.310319941373625,0.35,-0.35764323589921576,9999.99999999,1.000000000001e+16
0.310319941373625,0.39999999999999997,-0.35764323589921576,9999.99999999,1.000000000001e+16
0.310319941373625,0.44999999999999996,-0.35764323589921576,9999.99999999,1.000000000001e+16
0.310319941373625,0.5,-0.35764323589921576,9999.99999999,1.000000000001e+16
0.3477817619241856,0.0,-0.35764323589921576,9999.99999999,1.000000000001e+16
0.3477817619241856,0.05,-0.35764323589921576,9999.99999999,1.000000000001e+16
0.3477817619241856,0.1,-0.35764323589921576,9999.99999999,1.000000000001e+16
0.3477817619241856,0.15000000000000002,-0.35764323589921576,9999.99999999,1.000000000001e+16
0.3477817619241856,0.2,-0.35764323589921576,9999.99999999,1.000000000001e+16
0.3477817619241856,0.25,-0.35764323589921576,9999.99999999,1.000000000001e+16
0.3477817619241856,0.3,-0.35764323589921576,9999.99999999,1.000000000001e+16
0.3477817619241856,0.35,-0.35764323589921576,9999.99999999,1.000000000001e+16
0.3477817619241856,0.39999999999999997,-0.35764323589921576,9999.99999999,1.000000000001e+16
0.3477817619241856,0.44999999999999996,-0.35764323589921576,9999.99999999,1.000000000001e+16
0.3477817619241856,0.5,-0.35764323589921576,9999.99999999,1.000000000001e+16
0.38372997356361244,0.0,-0.35764323589921576,9999.99999999,1.000000000001e+16
0.38372997356361244,0.05,-0.35764323589921576,9999.99999999,1.000000000001e+16
0.38372997356361244,0.1,-0.35764323589921576,9999.99999999,1.000000000001e+16
0.38372997356361244,0.15000000000000002,-0.35764323589921576,9999.99999999,1.000000000001e+16
0.38372997356361244,0.2,-0.35764323589921576,9999.99999999,1.000000000001e+16
0.38372997356361244,0.25,-0.35764323589921576,9999.99999999,1.000000000001e+16
0.38372997356361244,0.3,-0.35764323589921576,9999.99999999,1.000000000001e+16
0.38372997356361244,0.35,-0.35764323589921576,9999.99999999,1.000000000001e+16
0.38372997356361244,0.39999999999999997,-0.35764323589921576,9999.99999999,1.000000000001e+16
0.38372997356361244,0.44999999999999996,-0.35764323589921576,9999.99999999,1.000000000001e+16
0.38372997356361244,0.5,-0.35764323589921576,9999.99999999,1.000000000001e+16
0.41822573220750686,0.0,-0.35764323589921576,9999.99999999,1.000000000001e+16
0.41822573220750686,0.05,-0.35764323589921576,9999.99999999,1.000000000001e+16
0.41822573220750686,0.1,-0.35764323589921576,9999.99999999,1.000000000001e+16
0.41822573220750686,0.15000000000000002,-0.35764323589921576,9999.99999999,1.000000000001e+16
0.41822573220750686,0.2,-0.35764323589921576,9999.99999999,1.000000000001e+16
0.41822573220750686,0.25,-0.35764323589921576,9999.99999999,1.000000000001e+16
0.41822573220750686,0.3,-0.35764323589921576,9999.99999999,1.000000000001e+16
0.41822573220750686,0.35,-0.35764323589921576,9999.99999999,1.000000000001e+16
0.41822573220750686,0.39999999999999997,-0.35764323589921576,9999.99999999,1.000000000001e+16
0.41822573220750686,0.44999999999999996,-0.35764323589921576,9999.99999999,1.000000000001e+16
0.41822573220750686,0.5,-0.35764323589921576,9999.99999999,1.000000000001e+16
0.45132772282538536,0.0,-0.35764323589921576,9999.99999999,1.000000000001e+16
0.45132772282538536,0.05,-0.35764323589921576,9999.99999999,1.000000000001e+16
0.45132772282538536,0.1,-0.35764323589921576,9999.99999999,1.000000000001e+16
0.45132772282538536,0.15000000000000002,-0.35764323589921576,9999.99999999,1.000000000001e+16
0.45132772282538536,0.2,-0.35764323589921576,9999.99999999,1.000000000001e+16
0.45132772282538536,0.25,-0.35764323589921576,9999.99999999,1.000000000001e+16
0.45132772282538536,0.3,-0.35764323589921576,9999.99999999,1.000000000001e+16
0.45132772282538536,0.35,-0.35764323589921576,9999.99999999,1.000000000001e+16
0.45132772282538536,0.39999999999999997,-0.35764323589921576,9999.99999999,1.000000000001e+16
0.45132772282538536,0.44999999999999996,-0.35764323589921576,9999.99999999,1.000000000001e+16
0.45132772282538536,0.5,-0.35764323589921576,9999.99999999,1.000000000001e+16
0.4830922592768849,0.0,-0.35764323589921576,9999.99999999,1.000000000001e+16
0.4830922592768849,0.05,-0.35764323589921576,9999.99999999,1.000000000001e+16
0.4830922592768849,0.1,-0.35764323589921576,9999.99999999,1.000000000001e+16
0.4830922592768849,0.15000000000000002,-0.35764323589921576,9999.99999999,1.000000000001e+16
0.4830922592768849,0.2,-0.35764323589921576,9999.99999999,1.000000000001e+16
0.4830922592768849,0.25,-0.35764323589921576,9999.99999999,1.000000000001e+16
0.4830922592768849,0.3,-0.35764323589921576,9999.99999999,1.000000000001e+16
0.4830922592768849,0.35,-0.35764323589921576,9999.99999999,1.000000000001e+16
0.4830922592768849,0.39999999999999997,-0.35764323589921576,9999.99999999,1.000000000001e+16
0.4830922592768849,0.44999999999999996,-0.35764323589921576,9999.99999999,1.000000000001e+16
0.4830922592768849,0.5,-0.35764323589921576,9999.99999999,1.000000000001e+16
0.5135733801141825,0.0,-0.35764323589921576,9999.99999999,1.000000000001e+16
0.5135733801141825,0.05,-0.35764323589921576,9999.99999999,1.000000000001e+16
0.5135733801141825,0.1,-0.35764323589921576,9999.99999999,1.000000000001e+16
0.5135733801141825,0.15000000000000002,-0.35764323589921576,9999.99999999,1.000000000001e+16
0.5135733801141825,0.2,-0.35764323589921576,9999.99999999,1.000000000001e+16
0.5135733801141825,0.25,-0.35764323589921576,9999.99999999,1.000000000001e+16
0.5135733801141825,0.3,-0.35764323589921576,9999.99999999,1.000000000001e+16
0.5135733801141825,0.35,-0.35764323589921576,9999.99999999,1.000000000001e+16
0.5135733801141825,0.39999999999999997,-0.35764323589921576,9999.99999999,1.000000000001e+16
0.5135733801141825,0.44999999999999996,-0.35764323589921576,9999.99999999,1.000000000001e+16
0.5135733801141825,0.5,-0.35764323589921576,9999.99999999,1.000000000001e+16
0.5428229405136095,0.0,-0.35764323589921576,9999.99999999,1.000000000001e+16
0.5428229405136095,0.05,-0.35764323589921576,9999.99999999,1.000000000001e+16
0.5428229405136095,0.1,-0.35764323589921576,9999.99999999,1.000000000001e+16
0.5428229405136095,0.15000000000000002,-0.35764323589921576,9999.99999999,1.000000000001e+16
0.5428229405136095,0.2,-0.35764323589921576,9999.99999999,1.000000000001e+16
0.5428229405136095,0.25,-0.35764323589921576,9999.99999999,1.000000000001e+16
0.5428229405136095,0.3,-0.35764323589921576,9999.99999999,1.000000000001e+16
0.5428229405136095,0.35,-0.35764323589921576,9999.99999999,1.000000000001e+16
0.5428229405136095,0.39999999999999997,-0.35764323589921576,9999.99999999,1.000000000001e+16
0.5428229405136095,0.44999999999999996,-0.35764323589921576,9999.99999999,1.000000000001e+16
0.5428229405136095,0.5,-0.35764323589921576,9999.99999999,1.000000000001e+16
0.5708907004928575,0.0,-0.35764323589921576,9999.99999999,1.000000000001e+16
0.5708907004928575,0.05,-0.35764323589921576,9999.99999999,1.000000000001e+16
0.5708907004928575,0.1,-0.35764323589921576,9999.99999999,1.000000000001e+16
0.5708907004928575,0.15000000000000002,-0.35764323589921576,9999.99999999,1.000000000001e+16
0.5708907004928575,0.2,-0.35764323589921576,9999.99999999,1.000000000001e+16
0.5708907004928575,0.25,-0.35764323589921576,9999.99999999,1.000000000001e+16
0.5708907004928575,0.3,-0.35764323589921576,9999.99999999,1.000000000001e+16
0.5708907004928575,0.35,-0.35764323589921576,9999.99999999,1.000000000001e+16
0.5708907004928575,0.39999999999999997,-0.35764323589921576,9999.99999999,1.000000000001e+16
0.5708907004928575,0.44999999999999996,-0.35764323589921576,9999.99999999,1.000000000001e+16
0.5708907004928575,0.5,-0.35764323589921576,9999.99999999,1.000000000001e+16
0.5978244095638532,0.0,-0.35764323589921576,9999.99999999,1.000000000001e+16
0.5978244095638532,0.05,-0.35764323589921576,9999.99999999,1.000000000001e+16
0.5978244095638532,0.1,-0.35764323589921576,9999.99999999,1.000000000001e+16
0.5978244095638532,0.15000000000000002,-0.35764323589921576,9999.99999999,1.000000000001e+16
0.5978244095638532,0.2,-0.35764323589921576,9999.99999999,1.000000000001e+16
0.5978244095638532,0.25,-0.35764323589921576,9999.99999999,1.000000000001e+16
0.5978244095638532,0.3,-0.35764323589921576,9999.99999999,1.000000000001e+16
0.5978244095638532,0.35,-0.35764323589921576,9999.99999999,1.000000000001e+16
0.5978244095638532,0.39999999999999997,-0.35764323589921576,9999.99999999,1.000000000001e+16
0.5978244095638532,0.44999999999999996,-0.35764323589921576,9999.99999999,1.000000000001e+16
0.5978244095638532,0.5,-0.35764323589921576,9999.99999999,1.000000000001e+16
0.6236698879653136,0.0,-0.35764323589921576,9999.99999999,1.000000000001e+16
0.6236698879653136,0.05,-0.35764323589921576,9999.99999999,1.000000000001e+16
0.6236698879653136,0.1,-0.35764323589921576,9999.99999999,1.000000000001e+16
0.6236698879653136,0.15000000000000002,-0.35764323589921576,9999.99999999,1.000000000001e+16
0.6236698879653136,0.2,-0.35764323589921576,9999.99999999,1.000000000001e+16
0.6236698879653136,0.25,-0.35764323589921576,9999.99999999,1.000000000001e+16
0.6236698879653136,0.3,-0.35764323589921576,9999.99999999,1.000000000001e+16
0.6236698879653136,0.35,-0.35764323589921576,9999.99999999,1.000000000001e+16
0.6236698879653136,0.39999999999999997,-0.35764323589921576,9999.99999999,1.000000000001e+16
0.6236698879653136,0.44999999999999996,-0.35764323589921576,9999.99999999,1.000000000001e+16
0.6236698879653136,0.5,-0.35764323589921576,9999.99999999,1.000000000001e+16
0.6484711046131797,0.0,-0.35764323589921576,9999.99999999,1.000000000001e+16
0.6484711046131797,0.05,-0.35764323589921576,9999.99999999,1.000000000001e+16
0.6484711046131797,0.1,-0.35764323589921576,9999.99999999,1.000000000001e+16
0.6484711046131797,0.15000000000000002,-0.35764323589921576,9999.99999999,1.000000000001e+16
0.6484711046131797,0.2,-0.35764323589921576,9999.99999999,1.000000000001e+16
0.6484711046131797,0.25,-0.35764323589921576,9999.99999999,1.000000000001e+16
0.6484711046131797,0.3,-0.35764323589921576,9999.99999999,1.000000000001e+16
0.6484711046131797,0.35,-0.35764323589921576,9999.99999999,1.000000000001e+16
0.6484711046131797,0.39999999999999997,-0.35764323589921576,9999.99999999,1.000000000001e+16
0.6484711046131797,0.44999999999999996,-0.35764323589921576,9999.99999999,1.000000000001e+16
0.6484711046131797,0.5,-0.35764323589921576,9999.99999999,1.000000000001e+16
0.672270251901536,0.0,-0.35764323589921576,9999.99999999,1.000000000001e+16
0.672270251901536,0.05,-0.35764323589921576,9999.99999999,1.000000000001e+16
0.672270251901536,0.1,-0.35764323589921576,9999.99999999,1.000000000001e+16
0.672270251901536,0.15000000000000002,-0.35764323589921576,9999.99999999,1.000000000001e+16
0.672270251901536,0.2,-0.35764323589921576,9999.99999999,1.000000000001e+16
0.672270251901536,0.25,-0.35764323589921576,9999.99999999,1.000000000001e+16
0.672270251901536,0.3,-0.35764323589921576,9999.99999999,1.000000000001e+16
0.672270251901536,0.35,-0.35764323589921576,9999.99999999,1.000000000001e+16
0.672270251901536,0.39999999999999997,-0.35764323589921576,9999.99999999,1.000000000001e+16
0.672270251901536,0.44999999999999996,-0.35764323589921576,9999.99999999,1.000000000001e+16
0.672270251901536,0.5,-0.35764323589921576,9999.99999999,1.000000000001e+16
0.6951078174812719,0.0,-0.35764323589921576,9999.99999999,1.000000000001e+16
0.6951078174812719,0.05,-0.35764323589921576,9999.99999999,1.000000000001e+16
0.6951078174812719,0.1,-0.35764323589921576,9999.99999999,1.000000000001e+16
0.6951078174812719,0.15000000000000002,-0.35764323589921576,9999.99999999,1.000000000001e+16
0.6951078174812719,0.2,-0.35764323589921576,9999.99999999,1.000000000001e+16
0.6951078174812719,0.25,-0.35764323589921576,9999.99999999,1.000000000001e+16
0.6951078174812719,0.3,-0.35764323589921576,9999.99999999,1.000000000001e+16
0.6951078174812719,0.35,-0.35764323589921576,9999.99999999,1.000000000001e+16
0.6951078174812719,0.39999999999999997,-0.35764323589921576,9999.99999999,1.000000000001e+16
0.6951078174812719,0.44999999999999996,-0.35764323589921576,9999.99999999,1.000000000001e+16
0.6951078174812719,0.5,-0.35764323589921576,9999.99999999,1.000000000001e+16
0.7170226531385943,0.0,-0.35764323589921576,9999.99999999,1.000000000001e+16
0.7170226531385943,0.05,-0.35764323589921576,9999.99999999,1.000000000001e+16
0.7170226531385943,0.1,-0.35764323589921576,9999.99999999,1.000000000001e+16
0.7170226531385943,0.15000000000000002,-0.35764323589921576,9999.99999999,1.000000000001e+16
0.7170226531385943,0.2,-0.35764323589921576,9999.99999999,1.000000000001e+16
0.7170226531385943,0.25,-0.35764323589921576,9999.99999999,1.000000000001e+16
0.7170226531385943,0.3,-0.35764323589921576,9999.99999999,1.000000000001e+16
0.7170226531385943,0.35,-0.35764323589921576,9999.99999999,1.000000000001e+16
0.7170226531385943,0.39999999999999997,-0.35764323589921576,9999.99999999,1.000000000001e+16
0.7170226531385943,0.44999999999999996,-0.35764323589921576,9999.99999999,1.000000000001e+16
0.7170226531385943,0.5,-0.35764323589921576,9999.99999999,1.000000000001e+16
0.7380520408905702,0.0,-0.35764323589921576,9999.99999999,1.000000000001e+16
0.7380520408905702,0.05,-0.35764323589921576,9999.99999999,1.000000000001e+16
0.7380520408905702,0.1,-0.35764323589921576,9999.99999999,1.000000000001e+16
0.7380520408905702,0.15000000000000002,-0.35764323589921576,9999.99999999,1.000000000001e+16
0.7380520408905702,0.2,-0.35764323589921576,9999.99999999,1.000000000001e+16
0.7380520408905702,0.25,-0.35764323589921576,9999.99999999,1.000000000001e+16
0.7380520408905702,0.3,-0.35764323589921576,9999.99999999,1.000000000001e+16
0.7380520408905702,0.35,-0.35764323589921576,9999.99999999,1.000000000001e+16
0.7380520408905702,0.39999999999999997,-0.35764323589921576,9999.99999999,1.000000000001e+16
0.7380520408905702,0.44999999999999996,-0.35764323589921576,9999.99999999,1.000000000001e+16
0.7380520408905702,0.5,-0.35764323589921576,9999.99999999,1.000000000001e+16
0.7582317564101431,0.0,-0.35764323589921576,9999.99999999,1.000000000001e+16
0.7582317564101431,0.05,-0.35764323589921576,9999.99999999,1.000000000001e+16
0.7582317564101431,0.1,-0.35764323589921576,9999.99999999,1.000000000001e+16
0.7582317564101431,0.15000000000000002,-0.35764323589921576,9999.99999999,1.000000000001e+16
0.7582317564101431,0.2,-0.35764323589921576,9999.99999999,1.000000000001e+16
0.7582317564101431,0.25,-0.35764323589921576,9999.99999999,1.000000000001e+16
0.7582317564101431,0.3,-0.35764323589921576,9999.99999999,1.000000000001e+16
0.7582317564101431,0.35,-0.35764323589921576,9999.99999999,1.000000000001e+16
0.7582317564101431,0.39999999999999997,-0.35764323589921576,9999.99999999,1.000000000001e+16
0.7582317564101431,0.44999999999999996,-0.35764323589921576,9999.99999999,1.000000000001e+16
0.7582317564101431,0.5,-0.35764323589921576,9999.99999999,1.000000000001e+16
0.7775961298885211,0.0,-0.35764323589921576,9999.999999990003,1.000000000001e+16
0.7775961298885211,0.05,-0.35764323589921576,9999.999999990003,1.000000000001e+16
0.7775961298885211,0.1,-0.35764323589921576,9999.999999990003,1.000000000001e+16
0.7775961298885211,0.15000000000000002,-0.35764323589921576,9999.999999990003,1.000000000001e+16
0.7775961298885211,0.2,-0.35764323589921576,9999.999999990003,1.000000000001e+16
0.7775961298885211,0.25,-0.35764323589921576,9999.999999990003,1.000000000001e+16
0.7775961298885211,0.3,-0.35764323589921576,9999.999999990003,1.000000000001e+16
0.7775961298885211,0.35,-0.35764323589921576,9999.999999990003,1.000000000001e+16
0.7775961298885211,0.39999999999999997,-0.35764323589921576,9999.999999990003,1.000000000001e+16
0.7775961298885211,0.44999999999999996,-0.35764323589921576,9999.999999990003,1.000000000001e+16
0.7775961298885211,0.5,-0.35764323589921576,9999.999999990003,1.000000000001e+16
0.7961781044384798,0.0,-0.35764323589921576,9999.999999990014,1.000000000001e+16
0.7961781044384798,0.05,-0.35764323589921576,9999.999999990014,1.000000000001e+16
0.7961781044384798,0.1,-0.35764323589921576,9999.999999990014,1.000000000001e+16
0.7961781044384798,0.15000000000000002,-0.35764323589921576,9999.999999990014,1.000000000001e+16
0.7961781044384798,0.2,-0.35764323589921576,9999.999999990014,1.000000000001e+16
0.7961781044384798,0.25,-0.35764323589921576,9999.999999990014,1.000000000001e+16
0.7961781044384798,0.3,-0.35764323589921576,9999.999999990014,1.000000000001e+16
0.7961781044384798,0.35,-0.35764323589921576,9999.999999990014,1.000000000001e+16
0.7961781044384798,0.39999999999999997,-0.35764323589921576,9999.999999990014,1.000000000001e+16
0.7961781044384798,0.44999999999999996,-0.35764323589921576,9999.999999990014,1.000000000001e+16
0.7961781044384798,0.5,-0.35764323589921576,9999.999999990014,1.000000000001e+16
0.8140092921379352,0.0,-0.35764323589921576,9999.999999990066,1.000000000001e+16
0.8140092921379352,0.05,-0.35764323589921576,9999.999999990066,1.000000000001e+16
0.8140092921379352,0.1,-0.35764323589921576,9999.999999990066,1.000000000001e+16
0.8140092921379352,0.15000000000000002,-0.35764323589921576,9999.999999990066,1.000000000001e+16
0.8140092921379352,0.2,-0.35764323589921576,9999.999999990066,1.000000000001e+16
0.8140092921379352,0.25,-0.35764323589921576,9999.999999990066,1.000000000001e+16
0.8140092921379352,0.3,-0.35764323589921576,9999.999999990066,1.000000000001e+16
0.8140092921379352,0.35,-0.35764323589921576,9999.999999990066,1.000000000001e+16
0.8140092921379352,0.39999999999999997,-0.35764323589921576,9999.999999990066,1.000000000001e+16
0.8140092921379352,0.44999999999999996,-0.35764323589921576,9999.999999990066,1.000000000001e+16
0.8140092921379352,0.5,-0.35764323589921576,9999.999999990066,1.000000000001e+16
0.8311200278091296,0.0,-0.35764323589921576,9999.999999990312,1.000000000001e+16
0.8311200278091296,0.05,-0.35764323589921576,9999.999999990312,1.000000000001e+16
0.8311200278091296,0.1,-0.35764323589921576,9999.999999990312,1.000000000001e+16
0.8311200278091296,0.15000000000000002,-0.35764323589921576,9999.999999990312,1.000000000001e+16
0.8311200278091296,0.2,-0.35764323589921576,9999.999999990312,1.000000000001e+16
0.8311200278091296,0.25,-0.35764323589921576,9999.999999990312,1.000000000001e+16
0.8311200278091296,0.3,-0.35764323589921576,9999.999999990312,1.000000000001e+16
0.8311200278091296,0.35,-0.35764323589921576,9999.999999990312,1.000000000001e+16
0.8311200278091296,0.39999999999999997,-0.35764323589921576,9999.999999990312,1.000000000001e+16
0.8311200278091296,0.44999999999999996,-0.35764323589921576,9999.999999990312,1.000000000001e+16
0.8311200278091296,0.5,-0.35764323589921576,9999.999999990312,1.000000000001e+16
0.8475394206249224,0.0,-0.35764323589921576,9999.999999991376,1.000000000001e+16
0.8475394206249224,0.05,-0.35764323589921576,9999.999999991376,1.000000000001e+16
0.8475394206249224,0.1,-0.35764323589921576,9999.999999991376,1.000000000001e+16
0.8475394206249224,0.15000000000000002,-0.35764323589921576,9999.999999991376,1.000000000001e+16
0.8475394206249224,0.2,-0.35764323589921576,9999.999999991376,1.000000000001e+16
0.8475394206249224,0.25,-0.35764323589921576,9999.999999991376,1.000000000001e+16
0.8475394206249224,0.3,-0.35764323589921576,9999.999999991376,1.000000000001e+16
0.8475394206249224,0.35,-0.35764323589921576,9999.999999991376,1.000000000001e+16
0.8475394206249224,0.39999999999999997,-0.35764323589921576,9999.999999991376,1.000000000001e+16
0.8475394206249224,0.44999999999999996,-0.35764323589921576,9999.999999991376,1.000000000001e+16
0.8475394206249224,0.5,-0.35764323589921576,9999.999999991376,1.000000000001e+16
0.863295403629976,0.0,-0.35764323589921576,9999.999999995764,1.000000000001e+16
0.863295403629976,0.05,-0.35764323589921576,9999.999999995764,1.000000000001e+16
0.863295403629976,0.1,-0.35764323589921576,9999.999999995764,1.000000000001e+16
0.863295403629976,0.15000000000000002,-0.35764323589921576,9999.999999995764,1.000000000001e+16
0.863295403629976,0.2,-0.35764323589921576,9999.999999995764,1.000000000001e+16
0.863295403629976,0.25,-0.35764323589921576,9999.999999995764,1.000000000001e+16
0.863295403629976,0.3,-0.35764323589921576,9999.999999995764,1.000000000001e+16
0.863295403629976,0.35,-0.35764323589921576,9999.999999995764,1.000000000001e+16
0.863295403629976,0.39999999999999997,-0.35764323589921576,9999.999999995764,1.000000000001e+16
0.863295403629976,0.44999999999999996,-0.35764323589921576,9999.999999995764,1.000000000001e+16
0.863295403629976,0.5,-0.35764323589921576,9999.999999995764,1.000000000001e+16
0.8784147812610881,0.0,-0.35764323589921576,10000.000000012968,1.000000000001e+16
0.8784147812610881,0.05,-0.35764323589921576,10000.000000012968,1.000000000001e+16
0.8784147812610881,0.1,-0.35764323589921576,10000.000000012968,1.000000000001e+16
0.8784147812610881,0.15000000000000002,-0.35764323589921576,10000.000000012968,1.000000000001e+16
0.8784147812610881,0.2,-0.35764323589921576,10000.000000012968,1.000000000001e+16
0.8784147812610881,0.25,-0.35764323589921576,10000.000000012968,1.000000000001e+16
0.8784147812610881,0.3,-0.35764323589921576,10000.000000012968,1.000000000001e+16
0.8784147812610881,0.35,-0.35764323589921576,10000.000000012968,1.000000000001e+16
0.8784147812610881,0.39999999999999997,-0.35764323589921576,10000.000000012968,1.000000000001e+16
0.8784147812610881,0.44999999999999996,-0.35764323589921576,10000.000000012968,1.000000000001e+16
0.8784147812610881,0.5,-0.35764323589921576,10000.000000012968,1.000000000001e+16
0.8929232749475087,0.0,-0.35764323589921576,10000.000000077149,1.000000000001e+16
0.8929232749475087,0.05,-0.35764323589921576,10000.000000077149,1.000000000001e+16
0.8929232749475087,0.1,-0.35764323589921576,10000.000000077149,1.000000000001e+16
0.8929232749475087,0.15000000000000002,-0.35764323589921576,10000.000000077149,1.000000000001e+16
0.8929232749475087,0.2,-0.35764323589921576,10000.000000077149,1.000000000001e+16
0.8929232749475087,0.25,-0.35764323589921576,10000.000000077149,1.000000000001e+16
0.8929232749475087,0.3,-0.35764323589921576,10000.000000077149,1.000000000001e+16
0.8929232749475087,0.35,-0.35764323589921576,10000.000000077149,1.000000000001e+16
0.8929232749475087,0.39999999999999997,-0.35764323589921576,10000.000000077149,1.000000000001e+16
0.8929232749475087,0.44999999999999996,-0.35764323589921576,10000.000000077149,1.000000000001e+16
0.8929232749475087,0.5,-0.35764323589921576,10000.000000077149,1.000000000001e+16
0.9068455668688215,0.0,-0.35764323589921576,10000.000000305306,1.000000000001e+16
0.9068455668688215,0.05,-0.35764323589921576,10000.000000305306,1.000000000001e+16
0.9068455668688215,0.1,-0.35764323589921576,10000.000000305306,1.000000000001e+16
0.9068455668688215,0.15000000000000002,-0.35764323589921576,10000.000000305306,1.000000000001e+16
0.9068455668688215,0.2,-0.35764323589921576,10000.000000305306,1.000000000001e+16
0.9068455668688215,0.25,-0.35764323589921576,10000.000000305306,1.000000000001e+16
0.9068455668688215,0.3,-0.35764323589921576,10000.000000305306,1.000000000001e+16
0.9068455668688215,0.35,-0.35764323589921576,10000.000000305306,1.000000000001e+16
0.9068455668688215,0.39999999999999997,-0.35764323589921576,10000.000000305306,1.000000000001e+16
0.9068455668688215,0.44999999999999996,-0.35764323589921576,10000.000000305306,1.000000000001e+16
0.9068455668688215,0.5,-0.35764323589921576,10000.000000305306,1.000000000001e+16
0.9202053419448286,0.0,-0.35764323589921576,10000.000001079168,1.000000000001e+16
0.9202053419448286,0.05,-0.35764323589921576,10000.000001079168,1.000000000001e+16
0.9202053419448286,0.1,-0.35764323589921576,10000.000001079168,1.000000000001e+16
0.9202053419448286,0.15000000000000002,-0.35764323589921576,10000.000001079168,1.000000000001e+16
0.9202053419448286,0.2,-0.35764323589921576,10000.000001079168,1.000000000001e+16
0.9202053419448286,0.25,-0.35764323589921576,10000.000001079168,1.000000000001e+16
0.9202053419448286,0.3,-0.35764323589921576,10000.000001079168,1.000000000001e+16
0.9202053419448286,0.35,-0.35764323589921576,10000.000001079168,1.000000000001e+16
0.9202053419448286,0.39999999999999997,-0.35764323589921576,10000.000001079168,1.000000000001e+16
0.9202053419448286,0.44999999999999996,-0.35764323589921576,10000.000001079168,1.000000000001e+16
0.9202053419448286,0.5,-0.35764323589921576,10000.000001079168,1.000000000001e+16
0.933025328128876,0.0,-0.35764323589921576,10000.000003586872,1.000000000001e+16
0.933025328128876,0.05,-0.35764323589921576,10000.000003586872,1.000000000001e+16
0.933025328128876,0.1,-0.35764323589921576,10000.000003586872,1.000000000001e+16
0.933025328128876,0.15000000000000002,-0.35764323589921576,10000.000003586872,1.000000000001e+16
0.933025328128876,0.2,-0.35764323589921576,10000.000003586872,1.000000000001e+16
0.933025328128876,0.25,-0.35764323589921576,10000.000003586872,1.000000000001e+16
0.933025328128876,0.3,-0.35764323589921576,10000.000003586872,1.000000000001e+16
0.933025328128876,0.35,-0.35764323589921576,10000.000003586872,1.000000000001e+16
0.933025328128876,0.39999999999999997,-0.35764323589921576,10000.000003586872,1.000000000001e+16
0.933025328128876,0.44999999999999996,-0.35764323589921576,10000.000003586872,1.000000000001e+16
0.933025328128876,0.5,-0.35764323589921576,10000.000003586872,1.000000000001e+16
0.9453273350731638,0.0,-0.35764323589921576,10000.000011360848,1.000000000001e+16
0.9453273350731638,0.05,-0.35764323589921576,10000.000011360848,1.000000000001e+16
0.9453273350731638,0.1,-0.35764323589921576,10000.000011360848,1.000000000001e+16
0.9453273350731638,0.15000000000000002,-0.35764323589921576,10000.000011360848,1.000000000001e+16
0.9453273350731638,0.2,-0.35764323589921576,10000.000011360848,1.000000000001e+16
0.9453273350731638,0.25,-0.35764323589921576,10000.000011360848,1.000000000001e+16
0.9453273350731638,0.3,-0.35764323589921576,10000.000011360848,1.000000000001e+16
0.9453273350731638,0.35,-0.35764323589921576,10000.000011360848,1.000000000001e+16
0.9453273350731638,0.39999999999999997,-0.35764323589921576,10000.000011360848,1.000000000001e+16
0.9453273350731638,0.44999999999999996,-0.35764323589921576,10000.000011360848,1.000000000001e+16
0.9453273350731638,0.5,-0.35764323589921576,10000.000011360848,1.000000000001e+16
0.9571322912318239,0.0,-0.35764323589921576,10000.00003444586,1.000000000001e+16
0.9571322912318239,0.05,-0.35764323589921576,10000.00003444586,1.000000000001e+16
0.9571322912318239,0.1,-0.35764323589921576,10000.00003444586,1.000000000001e+16
0.9571322912318239,0.15000000000000002,-0.35764323589921576,10000.00003444586,1.000000000001e+16
0.9571322912318239,0.2,-0.35764323589921576,10000.00003444586,1.000000000001e+16
0.9571322912318239,0.25,-0.35764323589921576,10000.00003444586,1.000000000001e+16
0.9571322912318239,0.3,-0.35764323589921576,10000.00003444586,1.000000000001e+16
0.9571322912318239,0.35,-0.35764323589921576,10000.00003444586,1.000000000001e+16
0.9571322912318239,0.39999999999999997,-0.35764323589921576,10000.00003444586,1.000000000001e+16
0.9571322912318239,0.44999999999999996,-0.35764323589921576,10000.00003444586,1.000000000001e+16
0.9571322912318239,0.5,-0.35764323589921576,10000.00003444586,1.000000000001e+16
0.9684602794648814,0.0,-0.35764323589921576,10000.000100196588,1.000000000001e+16
0.9684602794648814,0.05,-0.35764323589921576,10000.000100196588,1.000000000001e+16
0.9684602794648814,0.1,-0.35764323589921576,10000.000100196588,1.000000000001e+16
0.9684602794648814,0.15000000000000002,-0.35764323589921576,10000.000100196588,1.000000000001e+16
0.9684602794648814,0.2,-0.35764323589921576,10000.000100196588,1.000000000001e+16
0.9684602794648814,0.25,-0.35764323589921576,10000.000100196588,1.000000000001e+16
0.9684602794648814,0.3,-0.35764323589921576,10000.000100196588,1.000000000001e+16
0.9684602794648814,0.35,-0.35764323589921576,10000.000100196588,1.000000000001e+16
0.9684602794648814,0.39999999999999997,-0.35764323589921576,10000.000100196588,1.000000000001e+16
0.9684602794648814,0.44999999999999996,-0.35764323589921576,10000.000100196588,1.000000000001e+16
0.9684602794648814,0.5,-0.35764323589921576,10000.000100196588,1.000000000001e+16
0.9793305712036741,0.0,-0.35764323589921576,10000.000280047198,1.000000000001e+16
0.9793305712036741,0.05,-0.35764323589921576,10000.000280047198,1.000000000001e+16
0.9793305712036741,0.1,-0.35764323589921576,10000.000280047198,1.000000000001e+16
0.9793305712036741,0.15000000000000002,-0.35764323589921576,10000.000280047198,1.000000000001e+16
0.9793305712036741,0.2,-0.35764323589921576,10000.000280047198,1.000000000001e+16
0.9793305712036741,0.25,-0.35764323589921576,10000.000280047198,1.000000000001e+16
0.9793305712036741,0.3,-0.35764323589921576,10000.000280047198,1.000000000001e+16
0.9793305712036741,0.35,-0.35764323589921576,10000.000280047198,1.000000000001e+16
0.9793305712036741,0.39999999999999997,-0.35764323589921576,10000.000280047198,1.000000000001e+16
0.9793305712036741,0.44999999999999996,-0.35764323589921576,10000.000280047198,1.000000000001e+16
0.9793305712036741,0.5,-0.35764323589921576,10000.000280047198,1.000000000001e+16
0.9897616592358488,0.0,-0.3576432358977069,10000.000753688915,9999999999427148.0
0.9897616592358488,0.05,-0.3576432358977069,10000.000753688915,9999999999427148.0
0.9897616592358488,0.1,-0.3576432358977069,10000.000753688915,9999999999427148.0
0.9897616592358488,0.15000000000000002,-0.3576432358977069,10000.000753688915,9999999999427148.0
0.9897616592358488,0.2,-0.3576432358977069,10000.000753688915,9999999999427148.0
0.9897616592358488,0.25,-0.3576432358977069,10000.000753688915,9999999999427148.0
0.9897616592358488,0.3,-0.3576432358977069,10000.000753688915,9999999999427148.0
0.9897616592358488,0.35,-0.3576432358977069,10000.000753688915,9999999999427148.0
0.9897616592358488,0.39999999999999997,-0.3576432358977069,10000.000753688915,9999999999427148.0
0.9897616592358488,0.44999999999999996,-0.3576432358977069,10000.000753688915,9999999999427148.0
0.9897616592358488,0.5,-0.3576432358977069,10000.000753688915,9999999999427148.0
0.9997712891657135,0.0,-0.35763352417914074,10003.754209317716,9996249149713550.0
0.9997712891657135,0.05,-0.35763352417914074,10003.754209317716,9996249149713550.0
0.9997712891657135,0.1,-0.35763352417914074,10003.754209317716,9996249149713550.0
0.9997712891657135,0.15000000000000002,-0.35763352417914074,10003.754209317716,9996249149713550.0
0.9997712891657135,0.2,-0.35763352417914074,10003.754209317716,9996249149713550.0
0.9997712891657135,0.25,-0.35763352417914074,10003.754209317716,9996249149713550.0
0.9997712891657135,0.3,-0.35763352417914074,10003.754209317716,9996249149713550.0
0.9997712891657135,0.35,-0.35763352417914074,10003.754209317716,9996249149713550.0
0.9997712891657135,0.39999999999999997,-0.35763352417914074,10003.754209317716,9996249149713550.0
0.9997712891657135,0.44999999999999996,-0.35763352417914074,10003.754209317716,9996249149713550.0
0.9997712891657135,0.5,-0.35763352417914074,10003.754209317716,9996249149713550.0
1.0,0.0,0.3576363297513311,9996245618437402.0,10003.754213205139
1.0,0.05,0.3576363297513311,9996245618437402.0,10003.754213205139
1.0,0.1,0.3576363297513311,9996245618437402.0,10003.754213205139
1.0,0.15000000000000002,0.3576363297513311,9996245618437402.0,10003.754213205139
1.0,0.2,0.3576363297513311,9996245618437402.0,10003.754213205139
1.0,0.25,0.3576363297513311,9996245618437402.0,10003.754213205139
1.0,0.3,0.3576363297513311,9996245618437402.0,10003.754213205139
1.0,0.35,0.3576363297513311,9996245618437402.0,10003.754213205139
1.0,0.39999999999999997,0.3576363297513311,9996245618437402.0,10003.754213205139
1.0,0.44999999999999996,0.3576363297513311,9996245618437402.0,10003.754213205139
1.0,0.5,0.3576363297513311,9996245618437402.0,10003.754213205139
1.01,0.0,0.3576460506148074,9999999999425476.0,9999.999572156543
1.01,0.05,0.3576460506148074,9999999999425476.0,9999.999572156543
1.01,0.1,0.3576460506148074,9999999999425476.0,9999.999572156543
1.01,0.15000000000000002,0.3576460506148074,9999999999425476.0,9999.999572156543
1.01,0.2,0.3576460506148074,9999999999425476.0,9999.999572156543
1.01,0.25,0.3576460506148074,9999999999425476.0,9999.999572156543
1.01,0.3,0.3576460506148074,9999999999425476.0,9999.999572156543
1.01,0.35,0.3576460506148074,9999999999425476.0,9999.999572156543
1.01,0.39999999999999997,0.3576460506148074,9999999999425476.0,9999.999572156543
1.01,0.44999999999999996,0.3576460506148074,9999999999425476.0,9999.999572156543
1.01,0.5,0.3576460506148074,9999999999425476.0,9999.999572156543
1.020421052631579,0.0,0.3576460506163206,1.000000000001e+16,9999.999889143726
1.020421052631579,0.05,0.3576460506163206,1.000000000001e+16,9999.999889143726
1.020421052631579,0.1,0.3576460506163206,1.000000000001e+16,9999.999889143726
1.020421052631579,0.15000000000000002,0.3576460506163206,1.000000000001e+16,9999.999889143726
1.020421052631579,0.2,0.3576460506163206,1.000000000001e+16,9999.999889143726
1.020421052631579,0.25,0.3576460506163206,1.000000000001e+16,9999.999889143726
1.020421052631579,0.3,0.3576460506163206,1.000000000001e+16,9999.999889143726
1.020421052631579,0.35,0.3576460506163206,1.000000000001e+16,9999.999889143726
1.020421052631579,0.39999999999999997,0.3576460506163206,1.000000000001e+16,9999.999889143726
1.020421052631579,0.44999999999999996,0.3576460506163206,1.000000000001e+16,9999.999889143726
1.020421052631579,0.5,0.3576460506163206,1.000000000001e+16,9999.999889143726
1.0312808864265928,0.0,0.3576460506163206,1.000000000001e+16,9999.999972693442
1.0312808864265928,0.05,0.3576460506163206,1.000000000001e+16,9999.999972693442
1.0312808864265928,0.1,0.3576460506163206,1.000000000001e+16,9999.999972693442
1.0312808864265928,0.15000000000000002,0.3576460506163206,1.000000000001e+16,9999.999972693442
1.0312808864265928,0.2,0.3576460506163206,1.000000000001e+16,9999.999972693442
1.0312808864265928,0.25,0.3576460506163206,1.000000000001e+16,9999.999972693442
1.0312808864265928,0.3,0.3576460506163206,1.000000000001e+16,9999.999972693442
1.0312808864265928,0.35,0.3576460506163206,1.000000000001e+16,9999.999972693442
1.0312808864265928,0.39999999999999997,0.3576460506163206,1.000000000001e+16,9999.999972693442
1.0312808864265928,0.44999999999999996,0.3576460506163206,1.000000000001e+16,9999.999972693442
1.0312808864265928,0.5,0.3576460506163206,1.000000000001e+16,9999.999972693442
1.0425979763813966,0.0,0.3576460506163206,1.000000000001e+16,9999.99999360064
1.0425979763813966,0.05,0.3576460506163206,1.000000000001e+16,9999.99999360064
1.0425979763813966,0.1,0.3576460506163206,1.000000000001e+16,9999.99999360064
1.0425979763813966,0.15000000000000002,0.3576460506163206,1.000000000001e+16,9999.99999360064
1.0425979763813966,0.2,0.3576460506163206,1.000000000001e+16,9999.99999360064
1.0425979763813966,0.25,0.3576460506163206,1.000000000001e+16,9999.99999360064
1.0425979763813966,0.3,0.3576460506163206,1.000000000001e+16,9999.99999360064
1.0425979763813966,0.35,0.3576460506163206,1.000000000001e+16,9999.99999360064
1.0425979763813966,0.39999999999999997,0.3576460506163206,1.000000000001e+16,9999.99999360064
1.0425979763813966,0.44999999999999996,0.3576460506163206,1.000000000001e+16,9999.99999360064
1.0425979763813966,0.5,0.3576460506163206,1.000000000001e+16,9999.99999360064
1.054391575386929,0.0,0.3576460506163206,1.000000000001e+16,9999.999998570283
1.054391575386929,0.05,0.3576460506163206,1.000000000001e+16,9999.999998570283
1.054391575386929,0.1,0.3576460506163206,1.000000000001e+16,9999.999998570283
1.054391575386929,0.15000000000000002,0.3576460506163206,1.000000000001e+16,9999.999998570283
1.054391575386929,0.2,0.3576460506163206,1.000000000001e+16,9999.999998570283
1.054391575386929,0.25,0.3576460506163206,1.000000000001e+16,9999.999998570283
1.054391575386929,0.3,0.3576460506163206,1.000000000001e+16,9999.999998570283
1.054391575386929,0.35,0.3576460506163206,1.000000000001e+16,9999.999998570283
1.054391575386929,0.39999999999999997,0.3576460506163206,1.000000000001e+16,9999.999998570283
1.054391575386929,0.44999999999999996,0.3576460506163206,1.000000000001e+16,9999.999998570283
1.054391575386929,0.5,0.3576460506163206,1.000000000001e+16,9999.999998570283
1.066681746982168,0.0,0.3576460506163206,1.000000000001e+16,9999.999999690926
1.066681746982168,0.05,0.3576460506163206,1.000000000001e+16,9999.999999690926
1.066681746982168,0.1,0.3576460506163206,1.000000000001e+16,9999.999999690926
1.066681746982168,0.15000000000000002,0.3576460506163206,1.000000000001e+16,9999.999999690926
1.066681746982168,0.2,0.3576460506163206,1.000000000001e+16,9999.999999690926
1.066681746982168,0.25,0.3576460506163206,1.000000000001e+16,9999.999999690926
1.066681746982168,0.3,0.3576460506163206,1.000000000001e+16,9999.999999690926
1.066681746982168,0.35,0.3576460506163206,1.000000000001e+16,9999.999999690926
1.066681746982168,0.39999999999999997,0.3576460506163206,1.000000000001e+16,9999.999999690926
1.066681746982168,0.44999999999999996,0.3576460506163206,1.000000000001e+16,9999.999999690926
1.066681746982168,0.5,0.3576460506163206,1.000000000001e+16,9999.999999690926
1.0794893994866805,0.0,0.3576460506163206,1.000000000001e+16,9999.999999930347
1.0794893994866805,0.05,0.3576460506163206,1.000000000001e+16,9999.999999930347
1.0794893994866805,0.1,0.3576460506163206,1.000000000001e+16,9999.999999930347
1.0794893994866805,0.15000000000000002,0.3576460506163206,1.000000000001e+16,9999.999999930347
1.0794893994866805,0.2,0.3576460506163206,1.000000000001e+16,9999.999999930347
1.0794893994866805,0.25,0.3576460506163206,1.000000000001e+16,9999.999999930347
1.0794893994866805,0.3,0.3576460506163206,1.000000000001e+16,9999.999999930347
1.0794893994866805,0.35,0.3576460506163206,1.000000000001e+16,9999.999999930347
1.0794893994866805,0.39999999999999997,0.3576460506163206,1.000000000001e+16,9999.999999930347
1.0794893994866805,0.44999999999999996,0.3576460506163206,1.000000000001e+16,9999.999999930347
1.0794893994866805,0.5,0.3576460506163206,1.000000000001e+16,9999.999999930347
1.0928363215703303,0.0,0.3576460506163206,1.000000000001e+16,9999.999999978749
1.0928363215703303,0.05,0.3576460506163206,1.000000000001e+16,9999.999999978749
1.0928363215703303,0.1,0.3576460506163206,1.000000000001e+16,9999.999999978749
1.0928363215703303,0.15000000000000002,0.3576460506163206,1.000000000001e+16,9999.999999978749
1.0928363215703303,0.2,0.3576460506163206,1.000000000001e+16,9999.999999978749
1.0928363215703303,0.25,0.3576460506163206,1.000000000001e+16,9999.999999978749
1.0928363215703303,0.3,0.3576460506163206,1.000000000001e+16,9999.999999978749
1.0928363215703303,0.35,0.3576460506163206,1.000000000001e+16,9999.999999978749
1.0928363215703303,0.39999999999999997,0.3576460506163206,1.000000000001e+16,9999.999999978749
1.0928363215703303,0.44999999999999996,0.3576460506163206,1.000000000001e+16,9999.999999978749
1.0928363215703303,0.5,0.3576460506163206,1.000000000001e+16,9999.999999978749
1.10674521932066,0.0,0.3576460506163206,1.000000000001e+16,9999.999999987995
1.10674521932066,0.05,0.3576460506163206,1.000000000001e+16,9999.999999987995
1.10674521932066,0.1,0.3576460506163206,1.000000000001e+16,9999.999999987995
1.10674521932066,0.15000000000000002,0.3576460506163206,1.000000000001e+16,9999.999999987995
1.10674521932066,0.2,0.3576460506163206,1.000000000001e+16,9999.999999987995
1.10674521932066,0.25,0.3576460506163206,1.000000000001e+16,9999.999999987995
1.10674521932066,0.3,0.3576460506163206,1.000000000001e+16,9999.999999987995
1.10674521932066,0.35,0.3576460506163206,1.000000000001e+16,9999.999999987995
1.10674521932066,0.39999999999999997,0.3576460506163206,1.000000000001e+16,9999.999999987995
1.10674521932066,0.44999999999999996,0.3576460506163206,1.000000000001e+16,9999.999999987995
1.10674521932066,0.5,0.3576460506163206,1.000000000001e+16,9999.999999987995
1.1212397548710036,0.0,0.3576460506163206,1.000000000001e+16,9999.999999989663
1.1212397548710036,0.05,0.3576460506163206,1.000000000001e+16,9999.999999989663
1.1212397548710036,0.1,0.3576460506163206,1.000000000001e+16,9999.999999989663
1.1212397548710036,0.15000000000000002,0.3576460506163206,1.000000000001e+16,9999.999999989663
1.1212397548710036,0.2,0.3576460506163206,1.000000000001e+16,9999.999999989663
1.1212397548710036,0.25,0.3576460506163206,1.000000000001e+16,9999.999999989663
1.1212397548710036,0.3,0.3576460506163206,1.000000000001e+16,9999.999999989663
1.1212397548710036,0.35,0.3576460506163206,1.000000000001e+16,9999.999999989663
1.1212397548710036,0.39999999999999997,0.3576460506163206,1.000000000001e+16,9999.999999989663
1.1212397548710036,0.44999999999999996,0.3576460506163206,1.000000000001e+16,9999.999999989663
1.1212397548710036,0.5,0.3576460506163206,1.000000000001e+16,9999.999999989663
1.136344586655046,0.0,0.3576460506163206,1.000000000001e+16,9999.999999989946
1.136344586655046,0.05,0.3576460506163206,1.000000000001e+16,9999.999999989946
1.136344586655046,0.1,0.3576460506163206,1.000000000001e+16,9999.999999989946
1.136344586655046,0.15000000000000002,0.3576460506163206,1.000000000001e+16,9999.999999989946
1.136344586655046,0.2,0.3576460506163206,1.000000000001e+16,9999.999999989946
1.136344586655046,0.25,0.3576460506163206,1.000000000001e+16,9999.999999989946
1.136344586655046,0.3,0.3576460506163206,1.000000000001e+16,9999.999999989946
1.136344586655046,0.35,0.3576460506163206,1.000000000001e+16,9999.999999989946
1.136344586655046,0.39999999999999997,0.3576460506163206,1.000000000001e+16,9999.999999989946
1.136344586655046,0.44999999999999996,0.3576460506163206,1.000000000001e+16,9999.999999989946
1.136344586655046,0.5,0.3576460506163206,1.000000000001e+16,9999.999999989946
1.152085411356311,0.0,0.3576460506163206,1.000000000001e+16,9999.999999989992
1.152085411356311,0.05,0.3576460506163206,1.000000000001e+16,9999.999999989992
1.152085411356311,0.1,0.3576460506163206,1.000000000001e+16,9999.999999989992
1.152085411356311,0.15000000000000002,0.3576460506163206,1.000000000001e+16,9999.999999989992
1.152085411356311,0.2,0.3576460506163206,1.000000000001e+16,9999.999999989992
1.152085411356311,0.25,0.3576460506163206,1.000000000001e+16,9999.999999989992
1.152085411356311,0.3,0.3576460506163206,1.000000000001e+16,9999.999999989992
1.152085411356311,0.35,0.3576460506163206,1.000000000001e+16,9999.999999989992
1.152085411356311,0.39999999999999997,0.3576460506163206,1.000000000001e+16,9999.999999989992
1.152085411356311,0.44999999999999996,0.3576460506163206,1.000000000001e+16,9999.999999989992
1.152085411356311,0.5,0.3576460506163206,1.000000000001e+16,9999.999999989992
1.1684890076239451,0.0,0.3576460506163206,1.000000000001e+16,9999.99999999
1.1684890076239451,0.05,0.3576460506163206,1.000000000001e+16,9999.99999999
1.1684890076239451,0.1,0.3576460506163206,1.000000000001e+16,9999.99999999
1.1684890076239451,0.15000000000000002,0.3576460506163206,1.000000000001e+16,9999.99999999
1.1684890076239451,0.2,0.3576460506163206,1.000000000001e+16,9999.99999999
1.1684890076239451,0.25,0.3576460506163206,1.000000000001e+16,9999.99999999
1.1684890076239451,0.3,0.3576460506163206,1.000000000001e+16,9999.99999999
1.1684890076239451,0.35,0.3576460506163206,1.000000000001e+16,9999.99999999
1.1684890076239451,0.39999999999999997,0.3576460506163206,1.000000000001e+16,9999.99999999
1.1684890076239451,0.44999999999999996,0.3576460506163206,1.000000000001e+16,9999.99999999
1.1684890076239451,0.5,0.3576460506163206,1.000000000001e+16,9999.99999999
1.1855832816291638,0.0,0.3576460506163206,1.000000000001e+16,9999.99999999
1.1855832816291638,0.05,0.3576460506163206,1.000000000001e+16,9999.99999999
1.1855832816291638,0.1,0.3576460506163206,1.000000000001e+16,9999.99999999
1.1855832816291638,0.15000000000000002,0.3576460506163206,1.000000000001e+16,9999.99999999
1.1855832816291638,0.2,0.3576460506163206,1.000000000001e+16,9999.99999999
1.1855832816291638,0.25,0.3576460506163206,1.000000000001e+16,9999.99999999
1.1855832816291638,0.3,0.3576460506163206,1.000000000001e+16,9999.99999999
1.1855832816291638,0.35,0.3576460506163206,1.000000000001e+16,9999.99999999
1.1855832816291638,0.39999999999999997,0.3576460506163206,1.000000000001e+16,9999.99999999
1.1855832816291638,0.44999999999999996,0.3576460506163206,1.000000000001e+16,9999.99999999
1.1855832816291638,0.5,0.3576460506163206,1.000000000001e+16,9999.99999999
1.2033973145398655,0.0,0.3576460506163206,1.000000000001e+16,9999.99999999
1.2033973145398655,0.05,0.3576460506163206,1.000000000001e+16,9999.99999999
1.2033973145398655,0.1,0.3576460506163206,1.000000000001e+16,9999.99999999
1.2033973145398655,0.15000000000000002,0.3576460506163206,1.000000000001e+16,9999.99999999
1.2033973145398655,0.2,0.3576460506163206,1.000000000001e+16,9999.99999999
1.2033973145398655,0.25,0.3576460506163206,1.000000000001e+16,9999.99999999
1.2033973145398655,0.3,0.3576460506163206,1.000000000001e+16,9999.99999999
1.2033973145398655,0.35,0.3576460506163206,1.000000000001e+16,9999.99999999
1.2033973145398655,0.39999999999999997,0.3576460506163206,1.000000000001e+16,9999.99999999
1.2033973145398655,0.44999999999999996,0.3576460506163206,1.000000000001e+16,9999.99999999
1.2033973145398655,0.5,0.3576460506163206,1.000000000001e+16,9999.99999999
1.2219614119941757,0.0,0.3576460506163206,1.000000000001e+16,9999.99999999
1.2219614119941757,0.05,0.3576460506163206,1.000000000001e+16,9999.99999999
1.2219614119941757,0.1,0.3576460506163206,1.000000000001e+16,9999.99999999
1.2219614119941757,0.15000000000000002,0.3576460506163206,1.000000000001e+16,9999.99999999
1.2219614119941757,0.2,0.3576460506163206,1.000000000001e+16,9999.99999999
1.2219614119941757,0.25,0.3576460506163206,1.000000000001e+16,9999.99999999
1.2219614119941757,0.3,0.3576460506163206,1.000000000001e+16,9999.99999999
1.2219614119941757,0.35,0.3576460506163206,1.000000000001e+16,9999.99999999
1.2219614119941757,0.39999999999999997,0.3576460506163206,1.000000000001e+16,9999.99999999
1.2219614119941757,0.44999999999999996,0.3576460506163206,1.000000000001e+16,9999.99999999
1.2219614119941757,0.5,0.3576460506163206,1.000000000001e+16,9999.99999999
1.2413071556570885,0.0,0.3576460506163206,1.000000000001e+16,9999.99999999
1.2413071556570885,0.05,0.3576460506163206,1.000000000001e+16,9999.99999999
1.2413071556570885,0.1,0.3576460506163206,1.000000000001e+16,9999.99999999
1.2413071556570885,0.15000000000000002,0.3576460506163206,1.000000000001e+16,9999.99999999
1.2413071556570885,0.2,0.3576460506163206,1.000000000001e+16,9999.99999999
1.2413071556570885,0.25,0.3576460506163206,1.000000000001e+16,9999.99999999
1.2413071556570885,0.3,0.3576460506163206,1.000000000001e+16,9999.99999999
1.2413071556570885,0.35,0.3576460506163206,1.000000000001e+16,9999.99999999
1.2413071556570885,0.39999999999999997,0.3576460506163206,1.000000000001e+16,9999.99999999
1.2413071556570885,0.44999999999999996,0.3576460506163206,1.000000000001e+16,9999.99999999
1.2413071556570885,0.5,0.3576460506163206,1.000000000001e+16,9999.99999999
1.2614674569479134,0.0,0.3576460506163206,1.000000000001e+16,9999.99999999
1.2614674569479134,0.05,0.3576460506163206,1.000000000001e+16,9999.99999999
1.2614674569479134,0.1,0.3576460506163206,1.000000000001e+16,9999.99999999
1.2614674569479134,0.15000000000000002,0.3576460506163206,1.000000000001e+16,9999.99999999
1.2614674569479134,0.2,0.3576460506163206,1.000000000001e+16,9999.99999999
1.2614674569479134,0.25,0.3576460506163206,1.000000000001e+16,9999.99999999
1.2614674569479134,0.3,0.3576460506163206,1.000000000001e+16,9999.99999999
1.2614674569479134,0.35,0.3576460506163206,1.000000000001e+16,9999.99999999
1.2614674569479134,0.39999999999999997,0.3576460506163206,1.000000000001e+16,9999.99999999
1.2614674569479134,0.44999999999999996,0.3576460506163206,1.000000000001e+16,9999.99999999
1.2614674569479134,0.5,0.3576460506163206,1.000000000001e+16,9999.99999999
1.2824766130299308,0.0,0.3576460506163206,1.000000000001e+16,9999.99999999
1.2824766130299308,0.05,0.3576460506163206,1.000000000001e+16,9999.99999999
1.2824766130299308,0.1,0.3576460506163206,1.000000000001e+16,9999.99999999
1.2824766130299308,0.15000000000000002,0.3576460506163206,1.000000000001e+16,9999.99999999
1.2824766130299308,0.2,0.3576460506163206,1.000000000001e+16,9999.99999999
1.2824766130299308,0.25,0.3576460506163206,1.000000000001e+16,9999.99999999
1.2824766130299308,0.3,0.3576460506163206,1.000000000001e+16,9999.99999999
1.2824766130299308,0.35,0.3576460506163206,1.000000000001e+16,9999.99999999
1.2824766130299308,0.39999999999999997,0.3576460506163206,1.000000000001e+16,9999.99999999
1.2824766130299308,0.44999999999999996,0.3576460506163206,1.000000000001e+16,9999.99999999
1.2824766130299308,0.5,0.3576460506163206,1.000000000001e+16,9999.99999999
1.304370365157507,0.0,0.3576460506163206,1.000000000001e+16,9999.99999999
1.304370365157507,0.05,0.3576460506163206,1.000000000001e+16,9999.99999999
1.304370365157507,0.1,0.3576460506163206,1.000000000001e+16,9999.99999999
1.304370365157507,0.15000000000000002,0.3576460506163206,1.000000000001e+16,9999.99999999
1.304370365157507,0.2,0.3576460506163206,1.000000000001e+16,9999.99999999
1.304370365157507,0.25,0.3576460506163206,1.000000000001e+16,9999.99999999
1.304370365157507,0.3,0.3576460506163206,1.000000000001e+16,9999.99999999
1.304370365157507,0.35,0.3576460506163206,1.000000000001e+16,9999.99999999
1.304370365157507,0.39999999999999997,0.3576460506163206,1.000000000001e+16,9999.99999999
1.304370365157507,0.44999999999999996,0.3576460506163206,1.000000000001e+16,9999.99999999
1.304370365157507,0.5,0.3576460506163206,1.000000000001e+16,9999.99999999
1.3271859594799282,0.0,0.3576460506163206,1.000000000001e+16,9999.99999999
1.3271859594799282,0.05,0.3576460506163206,1.000000000001e+16,9999.99999999
1.3271859594799282,0.1,0.3576460506163206,1.000000000001e+16,9999.99999999
1.3271859594799282,0.15000000000000002,0.3576460506163206,1.000000000001e+16,9999.99999999
1.3271859594799282,0.2,0.3576460506163206,1.000000000001e+16,9999.99999999
1.3271859594799282,0.25,0.3576460506163206,1.000000000001e+16,9999.99999999
1.3271859594799282,0.3,0.3576460506163206,1.000000000001e+16,9999.99999999
1.3271859594799282,0.35,0.3576460506163206,1.000000000001e+16,9999.99999999
1.3271859594799282,0.39999999999999997,0.3576460506163206,1.000000000001e+16,9999.99999999
1.3271859594799282,0.44999999999999996,0.3576460506163206,1.000000000001e+16,9999.99999999
1.3271859594799282,0.5,0.3576460506163206,1.000000000001e+16,9999.99999999
1.3509622104053989,0.0,0.3576460506163206,1.000000000001e+16,9999.99999999
1.3509622104053989,0.05,0.3576460506163206,1.000000000001e+16,9999.99999999
1.3509622104053989,0.1,0.3576460506163206,1.000000000001e+16,9999.99999999
1.3509622104053989,0.15000000000000002,0.3576460506163206,1.000000000001e+16,9999.99999999
1.3509622104053989,0.2,0.3576460506163206,1.000000000001e+16,9999.99999999
1.3509622104053989,0.25,0.3576460506163206,1.000000000001e+16,9999.99999999
1.3509622104053989,0.3,0.3576460506163206,1.000000000001e+16,9999.99999999
1.3509622104053989,0.35,0.3576460506163206,1.000000000001e+16,9999.99999999
1.3509622104053989,0.39999999999999997,0.3576460506163206,1.000000000001e+16,9999.99999999
1.3509622104053989,0.44999999999999996,0.3576460506163206,1.000000000001e+16,9999.99999999
1.3509622104053989,0.5,0.3576460506163206,1.000000000001e+16,9999.99999999
1.3757395666329946,0.0,0.3576460506163206,1.000000000001e+16,9999.99999999
1.3757395666329946,0.05,0.3576460506163206,1.000000000001e+16,9999.99999999
1.3757395666329946,0.1,0.3576460506163206,1.000000000001e+16,9999.99999999
1.3757395666329946,0.15000000000000002,0.3576460506163206,1.000000000001e+16,9999.99999999
1.3757395666329946,0.2,0.3576460506163206,1.000000000001e+16,9999.99999999
1.3757395666329946,0.25,0.3576460506163206,1.000000000001e+16,9999.99999999
1.3757395666329946,0.3,0.3576460506163206,1.000000000001e+16,9999.99999999
1.3757395666329946,0.35,0.3576460506163206,1.000000000001e+16,9999.99999999
1.3757395666329946,0.39999999999999997,0.3576460506163206,1.000000000001e+16,9999.99999999
1.3757395666329946,0.44999999999999996,0.3576460506163206,1.000000000001e+16,9999.99999999
1.3757395666329946,0.5,0.3576460506163206,1.000000000001e+16,9999.99999999
1.4015601799649102,0.0,0.3576460506163206,1.000000000001e+16,9999.99999999
1.4015601799649102,0.05,0.3576460506163206,1.000000000001e+16,9999.99999999
1.4015601799649102,0.1,0.3576460506163206,1.000000000001e+16,9999.99999999
1.4015601799649102,0.15000000000000002,0.3576460506163206,1.000000000001e+16,9999.99999999
1.4015601799649102,0.2,0.3576460506163206,1.000000000001e+16,9999.99999999
1.4015601799649102,0.25,0.3576460506163206,1.000000000001e+16,9999.99999999
1.4015601799649102,0.3,0.3576460506163206,1.000000000001e+16,9999.99999999
1.4015601799649102,0.35,0.3576460506163206,1.000000000001e+16,9999.99999999
1.4015601799649102,0.39999999999999997,0.3576460506163206,1.000000000001e+16,9999.99999999
1.4015601799649102,0.44999999999999996,0.3576460506163206,1.000000000001e+16,9999.99999999
1.4015601799649102,0.5,0.3576460506163206,1.000000000001e+16,9999.99999999
1.4284679770160644,0.0,0.3576460506163206,1.000000000001e+16,9999.99999999
1.4284679770160644,0.05,0.3576460506163206,1.000000000001e+16,9999.99999999
1.4284679770160644,0.1,0.3576460506163206,1.000000000001e+16,9999.99999999
1.4284679770160644,0.15000000000000002,0.3576460506163206,1.000000000001e+16,9999.99999999
1.4284679770160644,0.2,0.3576460506163206,1.000000000001e+16,9999.99999999
1.4284679770160644,0.25,0.3576460506163206,1.000000000001e+16,9999.99999999
1.4284679770160644,0.3,0.3576460506163206,1.000000000001e+16,9999.99999999
1.4284679770160644,0.35,0.3576460506163206,1.000000000001e+16,9999.99999999
1.4284679770160644,0.39999999999999997,0.3576460506163206,1.000000000001e+16,9999.99999999
1.4284679770160644,0.44999999999999996,0.3576460506163206,1.000000000001e+16,9999.99999999
1.4284679770160644,0.5,0.3576460506163206,1.000000000001e+16,9999.99999999
1.4565087339430567,0.0,0.3576460506163206,1.000000000001e+16,9999.99999999
1.4565087339430567,0.05,0.3576460506163206,1.000000000001e+16,9999.99999999
1.4565087339430567,0.1,0.3576460506163206,1.000000000001e+16,9999.99999999
1.4565087339430567,0.15000000000000002,0.3576460506163206,1.000000000001e+16,9999.99999999
1.4565087339430567,0.2,0.3576460506163206,1.000000000001e+16,9999.99999999
1.4565087339430567,0.25,0.3576460506163206,1.000000000001e+16,9999.99999999
1.4565087339430567,0.3,0.3576460506163206,1.000000000001e+16,9999.99999999
1.4565087339430567,0.35,0.3576460506163206,1.000000000001e+16,9999.99999999
1.4565087339430567,0.39999999999999997,0.3576460506163206,1.000000000001e+16,9999.99999999
1.4565087339430567,0.44999999999999996,0.3576460506163206,1.000000000001e+16,9999.99999999
1.4565087339430567,0.5,0.3576460506163206,1.000000000001e+16,9999.99999999
1.4857301543196064,0.0,0.3576460506163206,1.000000000001e+16,9999.99999999
1.4857301543196064,0.05,0.3576460506163206,1.000000000001e+16,9999.99999999
1.4857301543196064,0.1,0.3576460506163206,1.000000000001e+16,9999.99999999
1.4857301543196064,0.15000000000000002,0.3576460506163206,1.000000000001e+16,9999.99999999
1.4857301543196064,0.2,0.3576460506163206,1.000000000001e+16,9999.99999999
1.4857301543196064,0.25,0.3576460506163206,1.000000000001e+16,9999.99999999
1.4857301543196064,0.3,0.3576460506163206,1.000000000001e+16,9999.99999999
1.4857301543196064,0.35,0.3576460506163206,1.000000000001e+16,9999.99999999
1.4857301543196064,0.39999999999999997,0.3576460506163206,1.000000000001e+16,9999.99999999
1.4857301543196064,0.44999999999999996,0.3576460506163206,1.000000000001e+16,9999.99999999
1.4857301543196064,0.5,0.3576460506163206,1.000000000001e+16,9999.99999999
1.5161819502909584,0.0,0.3576460506163206,1.000000000001e+16,9999.99999999
1.5161819502909584,0.05,0.3576460506163206,1.000000000001e+16,9999.99999999
1.5161819502909584,0.1,0.3576460506163206,1.000000000001e+16,9999.99999999
1.5161819502909584,0.15000000000000002,0.3576460506163206,1.000000000001e+16,9999.99999999
1.5161819502909584,0.2,0.3576460506163206,1.000000000001e+16,9999.99999999
1.5161819502909584,0.25,0.3576460506163206,1.000000000001e+16,9999.99999999
1.5161819502909584,0.3,0.3576460506163206,1.000000000001e+16,9999.99999999
1.5161819502909584,0.35,0.3576460506163206,1.000000000001e+16,9999.99999999
1.5161819502909584,0.39999999999999997,0.3576460506163206,1.000000000001e+16,9999.99999999
1.5161819502909584,0.44999999999999996,0.3576460506163206,1.000000000001e+16,9999.99999999
1.5161819502909584,0.5,0.3576460506163206,1.000000000001e+16,9999.99999999
1.5479159271453147,0.0,0.3576460506163206,1.000000000001e+16,9999.99999999
1.5479159271453147,0.05,0.3576460506163206,1.000000000001e+16,9999.99999999
1.5479159271453147,0.1,0.3576460506163206,1.000000000001e+16,9999.99999999
1.5479159271453147,0.15000000000000002,0.3576460506163206,1.000000000001e+16,9999.99999999
1.5479159271453147,0.2,0.3576460506163206,1.000000000001e+16,9999.99999999
1.5479159271453147,0.25,0.3576460506163206,1.000000000001e+16,9999.99999999
1.5479159271453147,0.3,0.3576460506163206,1.000000000001e+16,9999.99999999
1.5479159271453147,0.35,0.3576460506163206,1.000000000001e+16,9999.99999999
1.5479159271453147,0.39999999999999997,0.3576460506163206,1.000000000001e+16,9999.99999999
1.5479159271453147,0.44999999999999996,0.3576460506163206,1.000000000001e+16,9999.99999999
1.5479159271453147,0.5,0.3576460506163206,1.000000000001e+16,9999.99999999
1.58098607144617,0.0,0.3576460506163206,1.000000000001e+16,9999.99999999
1.58098607144617,0.05,0.3576460506163206,1.000000000001e+16,9999.99999999
1.58098607144617,0.1,0.3576460506163206,1.000000000001e+16,9999.99999999
1.58098607144617,0.15000000000000002,0.3576460506163206,1.000000000001e+16,9999.99999999
1.58098607144617,0.2,0.3576460506163206,1.000000000001e+16,9999.99999999
1.58098607144617,0.25,0.3576460506163206,1.000000000001e+16,9999.99999999
1.58098607144617,0.3,0.3576460506163206,1.000000000001e+16,9999.99999999
1.58098607144617,0.35,0.3576460506163206,1.000000000001e+16,9999.99999999
1.58098607144617,0.39999999999999997,0.3576460506163206,1.000000000001e+16,9999.99999999
1.58098607144617,0.44999999999999996,0.3576460506163206,1.000000000001e+16,9999.99999999
1.58098607144617,0.5,0.3576460506163206,1.000000000001e+16,9999.99999999
1.6154486428754826,0.0,0.3576460506163206,1.000000000001e+16,9999.99999999
1.6154486428754826,0.05,0.3576460506163206,1.000000000001e+16,9999.99999999
1.6154486428754826,0.1,0.3576460506163206,1.000000000001e+16,9999.99999999
1.6154486428754826,0.15000000000000002,0.3576460506163206,1.000000000001e+16,9999.99999999
1.6154486428754826,0.2,0.3576460506163206,1.000000000001e+16,9999.99999999
1.6154486428754826,0.25,0.3576460506163206,1.000000000001e+16,9999.99999999
1.6154486428754826,0.3,0.3576460506163206,1.000000000001e+16,9999.99999999
1.6154486428754826,0.35,0.3576460506163206,1.000000000001e+16,9999.99999999
1.6154486428754826,0.39999999999999997,0.3576460506163206,1.000000000001e+16,9999.99999999
1.6154486428754826,0.44999999999999996,0.3576460506163206,1.000000000001e+16,9999.99999999
1.6154486428754826,0.5,0.3576460506163206,1.000000000001e+16,9999.99999999
1.651362269943924,0.0,0.3576460506163206,1.000000000001e+16,9999.99999999
1.651362269943924,0.05,0.3576460506163206,1.000000000001e+16,9999.99999999
1.651362269943924,0.1,0.3576460506163206,1.000000000001e+16,9999.99999999
1.651362269943924,0.15000000000000002,0.3576460506163206,1.000000000001e+16,9999.99999999
1.651362269943924,0.2,0.3576460506163206,1.000000000001e+16,9999.99999999
1.651362269943924,0.25,0.3576460506163206,1.000000000001e+16,9999.99999999
1.651362269943924,0.3,0.3576460506163206,1.000000000001e+16,9999.99999999
1.651362269943924,0.35,0.3576460506163206,1.000000000001e+16,9999.99999999
1.651362269943924,0.39999999999999997,0.3576460506163206,1.000000000001e+16,9999.99999999
1.651362269943924,0.44999999999999996,0.3576460506163206,1.000000000001e+16,9999.99999999
1.651362269943924,0.5,0.3576460506163206,1.000000000001e+16,9999.99999999
1.6887880497310368,0.0,0.3576460506163206,1.000000000001e+16,9999.99999999
1.6887880497310368,0.05,0.3576460506163206,1.000000000001e+16,9999.99999999
1.6887880497310368,0.1,0.3576460506163206,1.000000000001e+16,9999.99999999
1.6887880497310368,0.15000000000000002,0.3576460506163206,1.000000000001e+16,9999.99999999
1.6887880497310368,0.2,0.3576460506163206,1.000000000001e+16,9999.99999999
1.6887880497310368,0.25,0.3576460506163206,1.000000000001e+16,9999.99999999
1.6887880497310368,0.3,0.3576460506163206,1.000000000001e+16,9999.99999999
1.6887880497310368,0.35,0.3576460506163206,1.000000000001e+16,9999.99999999
1.6887880497310368,0.39999999999999997,0.3576460506163206,1.000000000001e+16,9999.99999999
1.6887880497310368,0.44999999999999996,0.3576460506163206,1.000000000001e+16,9999.99999999
1.6887880497310368,0.5,0.3576460506163206,1.000000000001e+16,9999.99999999
1.7277896518249753,0.0,0.3576460506163206,1.000000000001e+16,9999.99999999
1.7277896518249753,0.05,0.3576460506163206,1.000000000001e+16,9999.99999999
1.7277896518249753,0.1,0.3576460506163206,1.000000000001e+16,9999.99999999
1.7277896518249753,0.15000000000000002,0.3576460506163206,1.000000000001e+16,9999.99999999
1.7277896518249753,0.2,0.3576460506163206,1.000000000001e+16,9999.99999999
1.7277896518249753,0.25,0.3576460506163206,1.000000000001e+16,9999.99999999
1.7277896518249753,0.3,0.3576460506163206,1.000000000001e+16,9999.99999999
1.7277896518249753,0.35,0.3576460506163206,1.000000000001e+16,9999.99999999
1.7277896518249753,0.39999999999999997,0.3576460506163206,1.000000000001e+16,9999.99999999
1.7277896518249753,0.44999999999999996,0.3576460506163206,1.000000000001e+16,9999.99999999
1.7277896518249753,0.5,0.3576460506163206,1.000000000001e+16,9999.99999999
1.7684334266386585,0.0,0.3576460506163206,1.000000000001e+16,9999.99999999
1.7684334266386585,0.05,0.3576460506163206,1.000000000001e+16,9999.99999999
1.7684334266386585,0.1,0.3576460506163206,1.000000000001e+16,9999.99999999
1.7684334266386585,0.15000000000000002,0.3576460506163206,1.000000000001e+16,9999.99999999
1.7684334266386585,0.2,0.3576460506163206,1.000000000001e+16,9999.99999999
1.7684334266386585,0.25,0.3576460506163206,1.000000000001e+16,9999.99999999
1.7684334266386585,0.3,0.3576460506163206,1.000000000001e+16,9999.99999999
1.7684334266386585,0.35,0.3576460506163206,1.000000000001e+16,9999.99999999
1.7684334266386585,0.39999999999999997,0.3576460506163206,1.000000000001e+16,9999.99999999
1.7684334266386585,0.44999999999999996,0.3576460506163206,1.000000000001e+16,9999.99999999
1.7684334266386585,0.5,0.3576460506163206,1.000000000001e+16,9999.99999999
1.8107885182866021,0.0,0.3576460506163206,1.000000000001e+16,9999.99999999
1.8107885182866021,0.05,0.3576460506163206,1.000000000001e+16,9999.99999999
1.8107885182866021,0.1,0.3576460506163206,1.000000000001e+16,9999.99999999
1.8107885182866021,0.15000000000000002,0.3576460506163206,1.000000000001e+16,9999.99999999
1.8107885182866021,0.2,0.3576460506163206,1.000000000001e+16,9999.99999999
1.8107885182866021,0.25,0.3576460506163206,1.000000000001e+16,9999.99999999
1.8107885182866021,0.3,0.3576460506163206,1.000000000001e+16,9999.99999999
1.8107885182866021,0.35,0.3576460506163206,1.000000000001e+16,9999.99999999
1.8107885182866021,0.39999999999999997,0.3576460506163206,1.000000000001e+16,9999.99999999
1.8107885182866021,0.44999999999999996,0.3576460506163206,1.000000000001e+16,9999.99999999
1.8107885182866021,0.5,0.3576460506163206,1.000000000001e+16,9999.99999999
1.8549269822144592,0.0,0.3576460506163206,1.000000000001e+16,9999.99999999
1.8549269822144592,0.05,0.3576460506163206,1.000000000001e+16,9999.99999999
1.8549269822144592,0.1,0.3576460506163206,1.000000000001e+16,9999.99999999
1.8549269822144592,0.15000000000000002,0.3576460506163206,1.000000000001e+16,9999.99999999
1.8549269822144592,0.2,0.3576460506163206,1.000000000001e+16,9999.99999999
1.8549269822144592,0.25,0.3576460506163206,1.000000000001e+16,9999.99999999
1.8549269822144592,0.3,0.3576460506163206,1.000000000001e+16,9999.99999999
1.8549269822144592,0.35,0.3576460506163206,1.000000000001e+16,9999.99999999
1.8549269822144592,0.39999999999999997,0.3576460506163206,1.000000000001e+16,9999.99999999
1.8549269822144592,0.44999999999999996,0.3576460506163206,1.000000000001e+16,9999.99999999
1.8549269822144592,0.5,0.3576460506163206,1.000000000001e+16,9999.99999999
1.900923907781384,0.0,0.3576460506163206,1.000000000001e+16,9999.99999999
1.900923907781384,0.05,0.3576460506163206,1.000000000001e+16,9999.99999999
1.900923907781384,0.1,0.3576460506163206,1.000000000001e+16,9999.99999999
1.900923907781384,0.15000000000000002,0.3576460506163206,1.000000000001e+16,9999.99999999
1.900923907781384,0.2,0.3576460506163206,1.000000000001e+16,9999.99999999
1.900923907781384,0.25,0.3576460506163206,1.000000000001e+16,9999.99999999
1.900923907781384,0.3,0.3576460506163206,1.000000000001e+16,9999.99999999
1.900923907781384,0.35,0.3576460506163206,1.000000000001e+16,9999.99999999
1.900923907781384,0.39999999999999997,0.3576460506163206,1.000000000001e+16,9999.99999999
1.900923907781384,0.44999999999999996,0.3576460506163206,1.000000000001e+16,9999.99999999
1.900923907781384,0.5,0.3576460506163206,1.000000000001e+16,9999.99999999
1.9488575460037583,0.0,0.3576460506163206,1.000000000001e+16,9999.99999999
1.9488575460037583,0.05,0.3576460506163206,1.000000000001e+16,9999.99999999
1.9488575460037583,0.1,0.3576460506163206,1.000000000001e+16,9999.99999999
1.9488575460037583,0.15000000000000002,0.3576460506163206,1.000000000001e+16,9999.99999999
1.9488575460037583,0.2,0.3576460506163206,1.000000000001e+16,9999.99999999
1.9488575460037583,0.25,0.3576460506163206,1.000000000001e+16,9999.99999999
1.9488575460037583,0.3,0.3576460506163206,1.000000000001e+16,9999.99999999
1.9488575460037583,0.35,0.3576460506163206,1.000000000001e+16,9999.99999999
1.9488575460037583,0.39999999999999997,0.3576460506163206,1.000000000001e+16,9999.99999999
1.9488575460037583,0.44999999999999996,0.3576460506163206,1.000000000001e+16,9999.99999999
1.9488575460037583,0.5,0.3576460506163206,1.000000000001e+16,9999.99999999
1.9988094426776009,0.0,0.3576460506163206,1.000000000001e+16,9999.99999999
1.9988094426776009,0.05,0.3576460506163206,1.000000000001e+16,9999.99999999
1.9988094426776009,0.1,0.3576460506163206,1.000000000001e+16,9999.99999999
1.9988094426776009,0.15000000000000002,0.3576460506163206,1.000000000001e+16,9999.99999999
1.9988094426776009,0.2,0.3576460506163206,1.000000000001e+16,9999.99999999
1.9988094426776009,0.25,0.3576460506163206,1.000000000001e+16,9999.99999999
1.9988094426776009,0.3,0.3576460506163206,1.000000000001e+16,9999.99999999
1.9988094426776009,0.35,0.3576460506163206,1.000000000001e+16,9999.99999999
1.9988094426776009,0.39999999999999997,0.3576460506163206,1.000000000001e+16,9999.99999999
1.9988094426776009,0.44999999999999996,0.3576460506163206,1.000000000001e+16,9999.99999999
1.9988094426776009,0.5,0.3576460506163206,1.000000000001e+16,9999.99999999
2.0,0.0,0.3576460506163206,1.000000000001e+16,9999.99999999
2.0,0.05,0.3576460506163206,1.000000000001e+16,9999.99999999
2.0,0.1,0.3576460506163206,1.000000000001e+16,9999.99999999
2.0,0.15000000000000002,0.3576460506163206,1.000000000001e+16,9999.99999999
2.0,0.2,0.3576460506163206,1.000000000001e+16,9999.99999999
2.0,0.25,0.3576460506163206,1.000000000001e+16,9999.99999999
2.0,0.3,0.3576460506163206,1.000000000001e+16,9999.99999999
2.0,0.35,0.3576460506163206,1.000000000001e+16,9999.99999999
2.0,0.39999999999999997,0.3576460506163206,1.000000000001e+16,9999.99999999
2.0,0.44999999999999996,0.3576460506163206,1.000000000001e+16,9999.99999999
2.0,0.5,0.3576460506163206,1.000000000001e+16,9999.99999999
