x_cm,Potential_V,Electrons_cm3,Holes_cm3
-1.0,-0.3576447899345236,9999.99999999,1.000000000001e+16
-0.9,-0.3576447899345236,9999.99999999,1.000000000001e+16
-0.8121621621621622,-0.3576447899345236,9999.999999990001,1.000000000001e+16
-0.7350073046018992,-0.3576447899345236,9999.999999990001,1.000000000001e+16
-0.6672361459341006,-0.3576447899345236,9999.999999990001,1.000000000001e+16
-0.607707425482656,-0.3576447899345236,9999.999999990001,1.000000000001e+16
-0.5554186845455762,-0.3576447899345236,9999.999999990001,1.000000000001e+16
-0.5094893850738169,-0.3576447899345236,9999.999999990001,1.000000000001e+16
-0.4691460814837581,-0.3576447899345236,9999.999999990001,1.000000000001e+16
-0.4337093958978956,-0.3576447899345236,9999.999999990001,1.000000000001e+16
-0.40258257747788123,-0.3576447899345236,9999.999999990001,1.000000000001e+16
-0.37524145319003077,-0.3576447899345236,9999.999999990001,1.000000000001e+16
-0.351225600775027,-0.3576447899345236,9999.999999990001,1.000000000001e+16
-0.33013059527536154,-0.3576447899345236,9999.999999990001,1.000000000001e+16
-0.3116011985526824,-0.3576447899345236,9999.999999990001,1.000000000001e+16
-0.2953253771070859,-0.3576447899345236,9999.999999990001,1.000000000001e+16
-0.28102904745892676,-0.3576447899345236,9999.999999990001,1.000000000001e+16
-0.268471460605814,-0.3576447899345236,9999.999999990001,1.000000000001e+16
-0.25744114782943117,-0.3576447899345236,9999.999999990001,1.000000000001e+16
-0.25,-0.3576447899345236,9999.999999990003,1.000000000001e+16
-0.24,-0.3576447899345236,9999.999999990005,1.000000000001e+16
-0.23020408163265305,-0.3576447899345236,9999.99999999001,1.000000000001e+16
-0.22060807996668053,-0.3576447899345236,9999.999999990023,1.000000000001e+16
-0.21120791506940134,-0.3576447899345236,9999.999999990054,1.000000000001e+16
-0.20199959027206663,-0.3576447899345236,9999.999999990128,1.000000000001e+16
-0.1929791904705959,-0.3576447899345236,9999.999999990301,1.000000000001e+16
-0.1841428804609919,-0.3576447899345236,9999.999999990701,1.000000000001e+16
-0.17548690330872677,-0.3576447899345236,9999.999999991605,1.000000000001e+16
-0.16700757875140582,-0.3576447899345236,9999.999999993615,1.000000000001e+16
-0.15870130163403018,-0.3576447899345236,9999.99999999802,1.000000000001e+16
-0.15056454037619282,-0.3576447899345236,10000.000000007512,1.000000000001e+16
-0.14259383547055623,-0.3576447899345236,10000.000000027669,1.000000000001e+16
-0.13478579801197346,-0.3576447899345236,10000.000000069822,1.000000000001e+16
-0.12713710825662708,-0.3576447899345236,10000.00000015668,1.000000000001e+16
-0.11964451421057347,-0.3576447899345236,10000.000000333073,1.000000000001e+16
-0.11230483024709238,-0.3576447899345236,10000.000000686206,1.000000000001e+16
-0.10511493575225377,-0.3576447899345236,10000.000001383321,1.000000000001e+16
-0.09807177379812614,-0.3576447899345236,10000.000002740644,1.000000000001e+16
-0.09117234984306234,-0.3576447899345236,10000.000005347925,1.000000000001e+16
-0.08441373045851006,-0.3576447899345236,10000.000010290176,1.000000000001e+16
-0.07779304208180578,-0.3576447899345236,10000.000019537172,1.000000000001e+16
-0.07130746979442198,-0.3576447899345236,10000.000036618423,1.000000000001e+16
-0.06495425612514807,-0.3576447899345236,10000.00006777754,1.000000000001e+16
-0.05873069987769608,-0.3576447899345236,10000.000123920912,1.000000000001e+16
-0.0526341549822329,-0.3576447899345236,10000.000223865623,1.000000000001e+16
-0.046662029370350605,-0.3576447899345236,10000.000399685336,1.000000000001e+16
-0.04081178387299652,-0.3576447899345236,10000.00070540173,1.000000000001e+16
-0.035080931140894556,-0.3576447899345236,10000.001230945327,1.000000000001e+16
-0.029467034586998755,-0.3576447899345236,10000.002124315748,1.000000000001e+16
-0.0239677073505294,-0.3576447899345236,10000.003626349282,1.000000000001e+16
-0.018580611282151254,-0.3576447899345236,10000.006124645133,1.000000000001e+16
-0.013303455949862458,-0.3576447899345236,10000.010236272446,1.000000000001e+16
-0.008133997665171394,-0.3576447899339651,10000.01693344097,9999999999794242.0
-0.003070038529147494,-0.3576438793894525,10000.37947336598,9999648270468164.0
0.0,0.3576438721728092,9999645482839386.0,10000.379343609391
0.005,0.35764478993394616,9999999999786934.0,10000.012536560704
0.010104166666666666,0.3576447899345236,1.000000000001e+16,10000.00624752167
0.015314670138888887,0.3576447899345236,1.000000000001e+16,10000.003070320789
0.020633725766782404,0.3576447899345236,1.000000000001e+16,10000.001487600988
0.02606359505359037,0.3576447899345236,1.000000000001e+16,10000.000710397995
0.03160658661720683,0.3576447899345236,1.000000000001e+16,10000.000334281865
0.03726505717173197,0.3576447899345236,1.000000000001e+16,10000.000154952657
0.04304141252947639,0.3576447899345236,1.000000000001e+16,10000.000070734697
0.04893810862384047,0.3576447899345236,1.000000000001e+16,10000.00003178854
0.054957652553503815,0.3576447899345236,1.000000000001e+16,10000.000014058454
0.061102603648368475,0.3576447899345236,1.000000000001e+16,10000.000006114766
0.06737557455770948,0.3576447899345236,1.000000000001e+16,10000.000002613091
0.0737792323609951,0.3576447899345236,1.000000000001e+16,10000.000001094824
0.08031629970184916,0.3576447899345236,1.000000000001e+16,10000.000000447511
0.08698955594563768,0.3576447899345236,1.000000000001e+16,10000.000000176215
0.09380183836117179,0.3576447899345236,1.000000000001e+16,10000.000000064474
0.10075604332702952,0.3576447899345236,1.000000000001e+16,10000.000000019258
0.10785512756300929,0.3576447899345236,1.000000000001e+16,10000.000000001288
0.11510210938723864,0.3576447899345236,1.000000000001e+16,9999.999999994276
0.12250006999947277,0.3576447899345236,1.000000000001e+16,9999.999999991589
0.13005215479112844,0.3576447899345236,1.000000000001e+16,9999.99999999058
0.13776157468261027,0.3576447899345236,1.000000000001e+16,9999.999999990208
0.145631607488498,0.3576447899345236,1.000000000001e+16,9999.999999990074
0.15366559931117502,0.3576447899345236,1.000000000001e+16,9999.999999990025
0.16186696596349115,0.3576447899345236,1.000000000001e+16,9999.999999990008
0.17023919442106386,0.3576447899345236,1.000000000001e+16,9999.999999990003
0.17878584430483602,0.3576447899345236,1.000000000001e+16,9999.999999990001
0.18751054939452008,0.3576447899345236,1.000000000001e+16,9999.999999990001
0.19641701917357257,0.3576447899345236,1.000000000001e+16,9999.999999990001
0.20550904040635531,0.3576447899345236,1.000000000001e+16,9999.999999990001
0.21479047874815438,0.3576447899345236,1.000000000001e+16,9999.999999990001
0.2242652803887409,0.3576447899345236,1.000000000001e+16,9999.999999990001
0.23393747373017298,0.3576447899345236,1.000000000001e+16,9999.999999990001
0.24381117109955158,0.3576447899345236,1.000000000001e+16,9999.999999990001
0.25,0.3576447899345236,1.000000000001e+16,9999.999999990001
0.26,0.3576447899345236,1.000000000001e+16,9999.999999990001
0.2713846153846154,0.3576447899345236,1.000000000001e+16,9999.999999990001
0.28434556213017753,0.3576447899345236,1.000000000001e+16,9999.999999990001
0.29910110150204827,0.3576447899345236,1.000000000001e+16,9999.999999990001
0.315899715556178,0.3576447899345236,1.000000000001e+16,9999.999999990001
0.3350242915562642,0.3576447899345236,1.000000000001e+16,9999.999999990001
0.3567968857717469,0.3576447899345236,1.000000000001e+16,9999.999999990001
0.38158414687860415,0.3576447899345236,1.000000000001e+16,9999.999999990001
0.40980349029256474,0.3576447899345236,1.000000000001e+16,9999.999999990001
0.44193012740999676,0.3576447899345236,1.000000000001e+16,9999.999999990001
0.478505068128304,0.3576447899345236,1.000000000001e+16,9999.999999990001
0.5201442314076077,0.3576447899345236,1.000000000001e+16,9999.999999990001
0.5675488172948149,0.3576447899345236,1.000000000001e+16,9999.999999990001
0.6215171150740969,0.3576447899345236,1.000000000001e+16,9999.999999990001
0.6829579463920488,0.3576447899345236,1.000000000001e+16,9999.999999990001
0.7529059697386401,0.3576447899345236,1.000000000001e+16,9999.999999990001
0.8325391040101441,0.3576447899345236,1.000000000001e+16,9999.999999990001
0.9231983645653947,0.3576447899345236,1.000000000001e+16,9999.999999990001
1.0,0.3576447899345236,1.000000000001e+16,9999.99999999
